measure,coefficient
intercept,-20.88514143080721
normalized_efficiency,68.47535010962821
inequality,-170.73358907574413
